-- MySQL dump 10.13  Distrib 5.7.18, for Win64 (x86_64)
--
-- Host: 127.0.0.1    Database: sampledb
-- ------------------------------------------------------
-- Server version	5.7.18-log

/*!40101 SET @OLD_CHARACTER_SET_CLIENT=@@CHARACTER_SET_CLIENT */;
/*!40101 SET @OLD_CHARACTER_SET_RESULTS=@@CHARACTER_SET_RESULTS */;
/*!40101 SET @OLD_COLLATION_CONNECTION=@@COLLATION_CONNECTION */;
/*!40101 SET NAMES utf8 */;
/*!40103 SET @OLD_TIME_ZONE=@@TIME_ZONE */;
/*!40103 SET TIME_ZONE='+00:00' */;
/*!40014 SET @OLD_UNIQUE_CHECKS=@@UNIQUE_CHECKS, UNIQUE_CHECKS=0 */;
/*!40014 SET @OLD_FOREIGN_KEY_CHECKS=@@FOREIGN_KEY_CHECKS, FOREIGN_KEY_CHECKS=0 */;
/*!40101 SET @OLD_SQL_MODE=@@SQL_MODE, SQL_MODE='NO_AUTO_VALUE_ON_ZERO' */;
/*!40111 SET @OLD_SQL_NOTES=@@SQL_NOTES, SQL_NOTES=0 */;

--
-- Table structure for table `album`
--

DROP TABLE IF EXISTS `album`;
/*!40101 SET @saved_cs_client     = @@character_set_client */;
/*!40101 SET character_set_client = utf8 */;
CREATE TABLE `album` (
  `id` int(11) NOT NULL AUTO_INCREMENT,
  `title` varchar(255) DEFAULT NULL,
  `image` varchar(255) DEFAULT NULL,
  `content` varchar(255) DEFAULT NULL,
  `notice` varchar(255) DEFAULT NULL,
  `time` varchar(255) DEFAULT NULL,
  PRIMARY KEY (`id`)
) ENGINE=InnoDB AUTO_INCREMENT=3 DEFAULT CHARSET=utf8;
/*!40101 SET character_set_client = @saved_cs_client */;

--
-- Dumping data for table `album`
--

LOCK TABLES `album` WRITE;
/*!40000 ALTER TABLE `album` DISABLE KEYS */;
INSERT INTO `album` VALUES (1,'ç¬¬ä¸€ä¸ªç›¸å†Œ','../image_upload/1.jpg','ç›¸å†Œ1',NULL,NULL),(2,'ç¬¬äºŒä¸ªç›¸å†Œ','../image_upload/002.jpg','ç›¸å†Œ2',NULL,NULL);
/*!40000 ALTER TABLE `album` ENABLE KEYS */;
UNLOCK TABLES;

--
-- Table structure for table `article`
--

DROP TABLE IF EXISTS `article`;
/*!40101 SET @saved_cs_client     = @@character_set_client */;
/*!40101 SET character_set_client = utf8 */;
CREATE TABLE `article` (
  `id` int(11) NOT NULL AUTO_INCREMENT,
  `title` varchar(255) DEFAULT NULL,
  `content` varchar(5535) DEFAULT NULL,
  `image` varchar(255) DEFAULT NULL,
  `time` varchar(255) DEFAULT NULL,
  `editer` varchar(255) DEFAULT NULL,
  `count` int(11) DEFAULT NULL,
  `count1` int(11) DEFAULT NULL,
  `type` varchar(255) DEFAULT NULL,
  `notice` varchar(255) DEFAULT NULL,
  `keywords` varchar(255) DEFAULT NULL,
  PRIMARY KEY (`id`)
) ENGINE=InnoDB AUTO_INCREMENT=8 DEFAULT CHARSET=utf8;
/*!40101 SET character_set_client = @saved_cs_client */;

--
-- Dumping data for table `article`
--

LOCK TABLES `article` WRITE;
/*!40000 ALTER TABLE `article` DISABLE KEYS */;
INSERT INTO `article` VALUES (2,'é¼ æ ‡æ‚¬åœå›¾ç‰‡ã€æ–‡å­—css3æ•ˆæœ','<p><span style=\"color:rgb(102, 102, 102); font-family:å®‹ä½“,arial,helvetica,sans-serif; font-size:14px\">&nbsp; &nbsp; å…¶å®è¿™æ ·çš„æ•ˆæœä¹Ÿå¾ˆå¸¸è§ï¼Œä½†æ˜¯æˆ‘å¹³æ—¶ç”¨åˆ°å¾ˆå°‘ï¼Œåœ¨å…¶ä»–ç½‘ç«™çœ‹åˆ°è¿™æ ·çš„æ•ˆæœï¼Œç¬¬ä¸€ååº”å°±æ˜¯æŸ¥çœ‹æºä»£ç ï¼Œçœ‹ä»–æ€ä¹ˆè¿ç”¨çš„ï¼Œç»“æœç”¨äº†å¾ˆå¤šçš„divï¼Œæœ€ä¸»è¦çš„æ˜¯ç”¨jsæ¥å®ç°ã€‚ç›®å‰å¾ˆå¤šæµè§ˆå™¨ä¹Ÿéƒ½å…¼å®¹css3æ–°å±æ€§ï¼Œè¿™ä¸ªä¾‹å­å°±å¯ä»¥ä½¿ç”¨rgba(0,0,0,0.5)ã€opacityã€å½“ç„¶å…³é”®ä¹Ÿè¦çœ‹æ€ä¹ˆå®šä½ï¼Œè¿˜æ˜¯ä¼šç”¨åˆ°positionå±æ€§ã€‚</span></p>\r\n\r\n<p><span style=\"color:rgb(102, 102, 102); font-family:å®‹ä½“,arial,helvetica,sans-serif; font-size:14px\">&nbsp;&nbsp;&nbsp;</span></p>\r\n\r\n<p>Htmlï¼š</p>\r\n\r\n<div class=\"shili\" style=\"margin: 0px; padding: 10px; background-color: rgb(245, 245, 245); border: 1px dotted rgb(119, 136, 85); word-wrap: break-word;\">\r\n<p>&nbsp;&lt;div&gt;</p>\r\n\r\n<p>&nbsp; &nbsp; &lt;h2&gt;1ã€é¼ æ ‡æ‚¬åœå›¾ç‰‡å˜å¤§æ–‡å­—æ¶ˆå¤±&lt;/h2&gt;</p>\r\n\r\n<p>&nbsp; &nbsp; &lt;ul class=&quot;ex01&quot;&gt;</p>\r\n\r\n<p>&nbsp; &nbsp; &nbsp; &lt;li&gt;&lt;a href=&quot;/&quot; &gt;&lt;img src=&quot;images/1.jpg&quot;&gt;&lt;span&gt;é¼ æ ‡æ‚¬åœ&lt;/span&gt;&lt;/a&gt;&lt;/li&gt;</p>\r\n\r\n<p>&nbsp; &nbsp; &nbsp; &lt;li&gt;&lt;a href=&quot;/&quot; &gt;&lt;img src=&quot;images/2.jpg&quot;&gt;&lt;span&gt;é¼ æ ‡æ‚¬åœ&lt;/span&gt;&lt;/a&gt;&lt;/li&gt;</p>\r\n\r\n<p>&nbsp; &nbsp; &nbsp; &lt;li&gt;&lt;a href=&quot;/&quot;&gt;&lt;img src=&quot;images/3.jpg&quot;&gt;&lt;span&gt;é¼ æ ‡æ‚¬åœ&lt;/span&gt;&lt;/a&gt;&lt;/li&gt;</p>\r\n\r\n<p>&nbsp; &nbsp; &nbsp; &lt;li&gt;&lt;a href=&quot;/&quot; &gt;&lt;img src=&quot;images/4.jpg&quot;&gt;&lt;span&gt;é¼ æ ‡æ‚¬åœ&lt;/span&gt;&lt;/a&gt;&lt;/li&gt;</p>\r\n\r\n<p>&nbsp; &nbsp; &lt;/ul&gt;</p>\r\n\r\n<p>&nbsp; &nbsp; &nbsp;&lt;h2&gt;2ã€é¼ æ ‡æ‚¬åœæ–‡å­—å‡ºç°&lt;/h2&gt;</p>\r\n\r\n<p>&nbsp; &nbsp; &lt;ul class=&quot;ex02&quot;&gt;</p>\r\n\r\n<p>&nbsp; &nbsp; &nbsp; &lt;li&gt;&lt;a href=&quot;/&quot; &gt;&lt;img src=&quot;images/1.jpg&quot;&gt;&lt;span&gt;é¼ æ ‡æ‚¬åœ&lt;/span&gt;&lt;/a&gt;&lt;/li&gt;</p>\r\n\r\n<p>&nbsp; &nbsp; &nbsp; &lt;li&gt;&lt;a href=&quot;/&quot;&gt;&lt;img src=&quot;images/2.jpg&quot;&gt;&lt;span&gt;é¼ æ ‡æ‚¬åœ&lt;/span&gt;&lt;/a&gt;&lt;/li&gt;</p>\r\n\r\n<p>&nbsp; &nbsp; &nbsp; &lt;li&gt;&lt;a href=&quot;/&quot;&gt;&lt;img src=&quot;images/3.jpg&quot;&gt;&lt;span&gt;é¼ æ ‡æ‚¬åœ&lt;/span&gt;&lt;/a&gt;&lt;/li&gt;</p>\r\n\r\n<p>&nbsp; &nbsp; &nbsp; &lt;li&gt;&lt;a href=&quot;/&quot;&gt;&lt;img src=&quot;images/4.jpg&quot;&gt;&lt;span&gt;é¼ æ ‡æ‚¬åœ&lt;/span&gt;&lt;/a&gt;&lt;/li&gt;</p>\r\n\r\n<p>&nbsp; &nbsp; &lt;/ul&gt;</p>\r\n\r\n<p>&nbsp; &lt;/div&gt;</p>\r\n</div>\r\n\r\n<p>CSSä»£ç ç‰‡æ®µï¼š</p>\r\n\r\n<div class=\"shili\" style=\"margin: 0px; padding: 10px; background-color: rgb(245, 245, 245); border: 1px dotted rgb(119, 136, 85); word-wrap: break-word;\">\r\n<p>/* ex01 */</p>\r\n\r\n<p>.ex01 li{ width:170px; float:left; margin:5px}</p>\r\n\r\n<p>.ex01 li a { position:relative; display:block }</p>\r\n\r\n<p>.ex01 li span{ position: absolute; left: 0px; bottom: 0px;color:#FFF; line-height:24px; display:block; width:170px; -webkit-transition: all 0.5s; -moz-transition: all 0.5s; -o-transition: all 0.5s; -ms-transition: all 0.5s; background:rgba(0,0,0,0.5); text-align:center}</p>\r\n\r\n<p>.ex01 img { width: 170px; height: 120px; -webkit-transition: all 0.5s; -moz-transition: all 0.5s; -o-transition: all 0.5s; display:block}</p>\r\n\r\n<p>.ex01 img:hover { -webkit-transform: scale(1.1); -moz-transform: scale(1.1); -o-transform: scale(1.1); -ms-transform: scale(1.1); }</p>\r\n\r\n<p>.ex01 li:hover span{ opacity:0}</p>\r\n\r\n<p>/* ex02 */</p>\r\n\r\n<p>.ex02 li{width:170px;margin:5px;float:left;}</p>\r\n\r\n<p>.ex02 li img{width: 170px; height: 120px;display:block;}</p>\r\n\r\n<p>.ex02 li span{ opacity:0}</p>\r\n\r\n<p>.ex02 li:hover span{ opacity:1}</p>\r\n\r\n<p>.ex02 li a { position:relative; display:block }</p>\r\n\r\n<p>.ex02 li span{ position: absolute; left: 0px; top: 0px; background:rgba(0,0,0,0.5); color:#FFF; line-height:24px; display:block; width:170px;text-align:center;-webkit-transition: all 0.5s; -moz-transition: all 0.5s; -o-transition: all 0.5s; -ms-transition: all 0.5s; }</p>\r\n</div>\r\n\r\n<ul>\r\n</ul>\r\n','../image_upload/file_1398842463989.jpg','2014-04-30','ä½šå',1,0,'å¿ƒå¾—ç¬”è®°','recommendArticles','å¿ƒå¾—ç¬”è®°'),(3,'ä»æ‘„å½±ä½œå“ä¸­è·å–ç½‘é¡µé¢œè‰²æ­é…æŠ€å·§','<p>&nbsp; &nbsp; æ­å»ºä¸€ä¸ªç½‘ç«™ï¼Œè™½ç„¶å¸ƒå±€ç¬¬ä¸€ã€é¢œè‰²å…¶æ¬¡ã€‚ä½†é¢œè‰²çš„æ­é…åœ¨ç”¨æˆ·è§†è§‰ä½“éªŒä¸­ç¡®å®æœ€é‡è¦çš„å…ƒç´ ã€‚ç½‘é¡µçš„è‰²å½©ä¹Ÿæ˜¯æ ‘ç«‹ç½‘ç«™å½¢è±¡çš„å…³é”®ä¹‹ä¸€ã€‚ä½œä¸ºä¸€ä¸ªä¼˜ç§€ã€ä¸“ä¸šçš„ç½‘é¡µè®¾è®¡å¸ˆï¼Œé¦–å…ˆè¦äº†è§£å„ç§é¢œè‰²çš„è±¡å¾ï¼Œä»¥åŠä¸åŒç±»å‹ç½‘ç«™å¸¸ç”¨çš„è‰²å½©æ­é…ã€‚è‰²å½©æ­é…çœ‹ä¼¼å¤æ‚,ä½†å¹¶ä¸ç¥ç§˜ã€‚ä¸€èˆ¬æ¥è¯´,ç½‘é¡µçš„èƒŒæ™¯è‰²åº”è¯¥æŸ”å’Œä¸€äº›ã€ç´ ä¸€äº›ã€æ·¡ä¸€äº›,å†é…ä¸Šæ·±è‰²çš„æ–‡å­—,ä½¿äººçœ‹èµ·æ¥è‡ªç„¶ã€èˆ’ç•…ã€‚è‰²å½©æ˜¯äººçš„è§†è§‰æœ€æ•æ„Ÿçš„ä¸œè¥¿ã€‚ä¸»é¡µçš„è‰²å½©å¤„ç†å¾—å¥½ï¼Œå¯ä»¥é”¦ä¸Šæ·»èŠ±ï¼Œè¾¾åˆ°äº‹åŠåŠŸå€çš„æ•ˆæœã€‚</p>\r\n\r\n<p><strong>é¢œè‰²æ­é…å¸¸è¯†ï¼š</strong></p>\r\n\r\n<p>1.ç½‘é¡µä¸­è‰²å½©çš„è¡¨è¾¾ä½¿ç”¨ä¸‰ç§é¢œè‰²ï¼ŒåŠçº¢(R)ã€ç»¿(G)ã€è“(B)ï¼ŒåŠé€šå¸¸æ‰€è¯´çš„RGBè‰²å½©ï¼Œå®ƒåŒ…å«äº†äººç±»æ‰€æ„ŸçŸ¥çš„æ‰€æœ‰é¢œè‰²ï¼Œç½‘é¡µä¸­è¡¨è¾¾é¢œè‰²å¦‚ä¸‹ï¼ˆçº¢è‰²ä¸ºä¾‹ï¼‰RGBæ ¼å¼ï¼šçº¢è‰²æ˜¯(255,0,0) æˆ–åå…­è¿›åˆ¶hexæ ¼å¼ä¸º(FF0000)ã€‚</p>\r\n\r\n<p>2.å°†è‰²å½©æŒ‰&quot;çº¢-&gt;é»„-&gt;ç»¿-&gt;è“-&gt;çº¢&quot;ä¾æ¬¡è¿‡åº¦æ¸å˜å¯å¾—åˆ°12è‰²ç¯ï¼šçº¢ï¼Œæ©™çº¢ï¼Œæ©™ï¼Œæ©™é»„ï¼Œé»„ï¼Œé»„ç»¿ï¼Œç»¿ï¼Œè“ç»¿ï¼Œè“ï¼Œè“ç´«ï¼Œç´«ï¼Œç´«çº¢ã€‚</p>\r\n\r\n<p>3.é¢œè‰²åˆ†éå½©è‰²å’Œå½©è‰²ä¸¤ç±»ã€‚éå½©è‰²æ˜¯æŒ‡é»‘ï¼Œç™½ï¼Œç°ç³»ç»Ÿè‰²ã€‚å½©è‰²æ˜¯æŒ‡é™¤äº†éå½©è‰²ä»¥å¤–çš„æ‰€æœ‰è‰²å½©ã€‚é€šå¸¸å†…å®¹æ–‡å­—ç”¨éå½©è‰²(é»‘è‰²)ï¼Œè¾¹æ¡†ï¼ŒèƒŒæ™¯ï¼Œå›¾ç‰‡ç”¨å½©è‰²ã€‚æ‰€ä»¥å³ä½¿é¡µé¢ä¸°å¯Œï¼Œçœ‹å†…å®¹ä¾ç„¶ä¸ä¼šçœ¼èŠ±,é€šå¸¸èƒŒæ™¯ä¸å†…å®¹å¯¹æ¯”è¦å¤§ã€‚</p>\r\n\r\n<p><strong>è‰²å½©çš„å¿ƒç†æ„Ÿè§‰</strong></p>\r\n\r\n<p>çº¢è‰²---æ˜¯ä¸€ç§æ¿€å¥‹çš„è‰²å½©ã€‚åˆºæ¿€æ•ˆæœï¼Œèƒ½ä½¿äººäº§ç”Ÿå†²åŠ¨ï¼Œæ„¤æ€’ï¼Œçƒ­æƒ…ï¼Œæ´»åŠ›çš„æ„Ÿè§‰ã€‚</p>\r\n\r\n<p>ç»¿è‰²---ä»‹äºå†·æš–ä¸¤ä¸­è‰²å½©çš„ä¸­é—´ï¼Œæ˜¾å¾—å’Œç¦ï¼Œå®é™ï¼Œå¥åº·ï¼Œå®‰å…¨çš„æ„Ÿè§‰ã€‚ å®ƒå’Œé‡‘é»„ï¼Œæ·¡ç™½æ­é…ï¼Œå¯ä»¥äº§ç”Ÿä¼˜é›…ï¼Œèˆ’é€‚çš„æ°”æ°›ã€‚</p>\r\n\r\n<p>æ©™è‰²---ä¹Ÿæ˜¯ä¸€ç§æ¿€å¥‹çš„è‰²å½©ï¼Œå…·æœ‰è½»å¿«ï¼Œæ¬¢æ¬£ï¼Œçƒ­çƒˆï¼Œæ¸©é¦¨ï¼Œæ—¶å°šçš„æ•ˆæœã€‚</p>\r\n\r\n<p>é»„è‰²---å…·æœ‰å¿«ä¹ï¼Œå¸Œæœ›ï¼Œæ™ºæ…§å’Œè½»å¿«çš„ä¸ªæ€§ï¼Œå®ƒçš„æ˜åº¦æœ€é«˜ã€‚</p>\r\n\r\n<p>è“è‰²---æ˜¯æœ€å…·å‡‰çˆ½ï¼Œæ¸…æ–°ï¼Œä¸“ä¸šçš„è‰²å½©ã€‚å®ƒå’Œç™½è‰²æ··åˆï¼Œèƒ½ä½“ç°æŸ”é¡ºï¼Œæ·¡é›…ï¼Œæµªæ¼«çš„æ°”æ°›ã€‚</p>\r\n\r\n<p>ç™½è‰²---å…·æœ‰æ´ç™½ï¼Œæ˜å¿«ï¼Œçº¯çœŸï¼Œæ¸…æ´çš„æ„Ÿå—ã€‚</p>\r\n\r\n<p>é»‘è‰²---å…·æœ‰æ·±æ²‰ï¼Œç¥ç§˜ï¼Œå¯‚é™ï¼Œæ‚²å“€ï¼Œå‹æŠ‘çš„æ„Ÿå—ã€‚</p>\r\n\r\n<p>ç°è‰²---å…·æœ‰ä¸­åº¸ï¼Œå¹³å‡¡ï¼Œæ¸©å’Œï¼Œè°¦è®©ï¼Œä¸­ç«‹å’Œé«˜é›…çš„æ„Ÿè§‰ã€‚</p>\r\n\r\n<p><strong>ç½‘é¡µé…è‰²å¿Œè®³</strong></p>\r\n\r\n<p>1.ä¸è¦å°†æ‰€æœ‰é¢œè‰²éƒ½ç”¨åˆ°ï¼Œå°½é‡æ§åˆ¶åœ¨ä¸‰ç§è‰²å½©ä»¥å†…ã€‚</p>\r\n\r\n<p>2.èƒŒæ™¯å’Œå‰æ–‡çš„å¯¹æ¯”å°½é‡è¦å¤§ï¼Œ(ç»å¯¹ä¸è¦ç”¨èŠ±çº¹ç¹å¤çš„å›¾æ¡ˆä½œèƒŒæ™¯)ï¼Œä»¥ä¾¿çªå‡ºä¸»è¦æ–‡å­—å†…å®¹</p>\r\n\r\n<p><strong>æ‘„å½±ä½œå“æ¥è·å–é¢œè‰²</strong></p>\r\n\r\n<p>ç½‘é¡µä¸­èƒŒæ™¯å›¾ç‰‡ä¹Ÿæ˜¯è‡³å…³é‡è¦çš„ï¼Œä½¿ç”¨ä¸€å¼ å¤§å›¾ç‰‡ä½œä¸ºç½‘é¡µçš„èƒŒæ™¯æ˜¯å¸å¼•è®¿å®¢çœ¼çƒæœ€å¿«æ·çš„æ–¹æ³•ã€‚é«˜è´¨é‡çš„ç²¾ç¾ç…§ç‰‡å’ŒæŠ½è±¡çš„è®¾è®¡å›¾ç‰‡èƒ½å¤Ÿç»™ç½‘ç«™çš„å¤–è§‚å¸¦å»æ·±åˆ»çš„å½±å“ã€‚å›¾ç‰‡é…åˆè‰²å½©æ˜¯æœ€å®Œç¾çš„è‰ºæœ¯ã€‚</p>\r\n\r\n<ul>\r\n</ul>\r\n','../image_upload/file_1398842746601.jpg','2014-04-30','ä½šå',1,0,'å¿ƒå¾—ä½“ä¼š','recommendArticles','å¿ƒå¾—ä½“ä¼š'),(4,'HTML5æŠ€æœ¯å°†æ¨åŠ¨ç§»åŠ¨æµè§ˆå™¨å˜é©','<p>&nbsp; &nbsp; åœ¨ç½‘ç»œæ¡ä»¶æ—¥æ¸æˆç†Ÿçš„ä»Šå¤©ï¼Œæ¨ªè·¨æ™ºèƒ½æ‰‹æœºã€å¹³æ¿ç”µè„‘ä»¥åŠPCç»ˆç«¯çš„HTML5æœ‰å…¶æ— å¯æ›¿ä»£çš„ä¼˜åŠ¿ã€‚ä¸šå†…äººå£«åˆ†æç§°ï¼ŒHTML5å°†ä¸ºç§»åŠ¨äº’è”ç½‘å¸¦æ¥æŠ€æœ¯é©å‘½ï¼Œæ¨åŠ¨ç§»åŠ¨æµè§ˆå™¨å˜é©ã€‚</p>\r\n\r\n<p>HTML5æœ€å¤§ç‰¹ç‚¹ï¼šè·¨å¹³å°</p>\r\n\r\n<p>ç¥å¥‡æ—¶ä»£åˆ¶ä½œäººå¼ å“²ä»‹ç»è¯´ï¼ŒHTML5æŠ€æœ¯æ˜¯åŒ…æ‹¬HTMLã€CSSã€JavaScriptåœ¨å†…çš„ä¸€å¥—æŠ€æœ¯ç»„åˆï¼Œç”±è°·æ­Œã€è‹¹æœç­‰å‡ ç™¾å®¶å…¬å¸ä¸€èµ·å¼€å‘ï¼Œè¯•å›¾å°†Webå¸¦å…¥ä¸€ä¸ªæˆç†Ÿçš„åº”ç”¨å¹³å°ã€‚ä»–è®¤ä¸ºï¼ŒHTML5æœ€å¤§çš„ç‰¹ç‚¹å°±æ˜¯è·¨å¹³å°ã€‚ä¸€æ¬¾HTML5æ¸¸æˆï¼Œå¯ä»¥éšæ—¶éšåœ°åœ¨ä»»ä½•æ”¯æŒHTML5çš„æµè§ˆå™¨ä¸Šè¿è¡Œã€‚</p>\r\n\r\n<p>å¼ å“²è¡¨ç¤ºï¼ŒHTML5çš„å‡ºç°ï¼Œå½»åº•æ”¹å˜äº†Webç½‘é¡µçš„å‘ˆç°æ–¹å¼ï¼Œä¸ºç§»åŠ¨äº’è”ç½‘å¸¦æ¥äº†æŠ€æœ¯é©å‘½ã€‚æ— è®ºæ¸¸æˆã€è§†é¢‘ã€éŸ³ä¹ã€é˜…è¯»è¿˜æ˜¯å…¶ä»–åº”ç”¨ï¼Œåœ¨HTML5çš„æ”¯æŒä¸‹ï¼Œéƒ½å¯ä»¥åœ¨æµè§ˆå™¨ä¸Šæ‹¥æœ‰æ›´å¥½ã€æ›´ä¾¿æ·çš„ä½¿ç”¨ä½“éªŒã€‚æ¯”å¦‚åœ¨å¾®åšã€å¾®ä¿¡é‡Œï¼Œç©å®¶é€šè¿‡åˆ†äº«ä¸€ä¸ªé“¾æ¥ï¼Œå°±å¯ä»¥è®©å¥½å‹ç«‹åˆ»è¿›å…¥æ¸¸æˆï¼Œè¿™äº›æ˜¯åŸç”Ÿæ¸¸æˆåšä¸åˆ°çš„ã€‚</p>\r\n\r\n<p>å³°ä¼šä¸Šï¼Œä¸šå†…äººå£«åˆ†æç§°ï¼ŒHTML5å¤§æ½®å·²ç»è¢­æ¥ï¼Œè¿™é¡¹æŠ€æœ¯å¯¹ç§»åŠ¨äº’è”ç½‘çš„å‘å±•å°†èµ·åˆ°éå¸¸å¤§çš„é©±åŠ¨ä½œç”¨ã€‚2013å¹´ï¼Œè°·æ­Œå‘å¸ƒçš„Androidå¹³å°æ–°ç‰ˆChromeBetaæ”¯æŒHTML5ï¼Œ360å®£å¸ƒå°†å…¨é¢æ¨åŠ¨HTML5å‘å±•ä¸æ™®åŠï¼Œä¸‰æ˜Ÿã€ä¸­å…´ã€æ‘©æ‰˜ç½—æ‹‰ã€ç«ç‹ç­‰æ–°æ‰‹æœºéƒ½æ”¯æŒHTML5åº”ç”¨ã€‚</p>\r\n\r\n<p>æ•°æ®æ˜¾ç¤ºï¼Œ2013å¹´å…¨çƒå°†æœ‰10äº¿æ‰‹æœºæµè§ˆå™¨æ”¯æŒHTML5ï¼ŒåŒæ—¶ï¼ŒHTML Webå¼€å‘è€…æ•°é‡å°†è¾¾åˆ°200ä¸‡ã€‚æ¯«æ— ç–‘é—®ï¼ŒHTML5åœ¨æœªæ¥5-10å¹´å†…ä¾æ—§ä¼šæ˜¯ç§»åŠ¨äº’è”ç½‘é¢†åŸŸçš„ä¸»å®°è€…ã€‚åŒæ—¶ï¼ŒHTML5æŠ€æœ¯æ ‡å‡†çš„å‘å±•ä¸æ™®åŠæ„å‘³ç€ä¸–ç•Œä¸Šå°†å‡ºç°åŠŸèƒ½æ›´å¼ºå¤§ã€æ›´ç¨³å®šçš„ç½‘ç»œåº”ç”¨ã€‚</p>\r\n\r\n<ul>\r\n</ul>\r\n','../image_upload/file_1398842886496.jpg','2014-04-30','ä½šå',0,0,'html5','','html5'),(5,'css3åˆ¶ä½œ3Då›¾ä¹¦ç¿»é¡µæ•ˆæœ','<p><span style=\"color:rgb(102, 102, 102); font-family:å®‹ä½“,arial,helvetica,sans-serif; font-size:14px\">&nbsp; &nbsp; æ™¯æ·±è®¾ç½®ï¼Œå¯ä»¥è®©3Dæ•ˆæœæ›´åŠ é€¼çœŸï¼Œperspectiveå®šä¹‰å±æ€§åï¼Œå­å…ƒç´ ä¼šè·å¾—é€è§†æ•ˆæœï¼Œè€Œä¸æ˜¯å…ƒç´ æœ¬èº«ï¼Œtransform-style:preserve-3dä¿ç•™3Dä½ç½®ã€‚å…³äºCSS3 perspective æ›´å¤šå±æ€§ä»¥åŠæ•™ç¨‹ï¼Œè¯·å‚è€ƒ</span><a href=\"http://www.w3school.com.cn/cssref/pr_perspective.asp\" style=\"margin: 0px; padding: 0px; text-decoration: none; color: rgb(51, 51, 51); font-family: å®‹ä½“, Arial, Helvetica, sans-serif; font-size: 14px; line-height: 28px; text-indent: 28px;\" target=\"_blank\"><span style=\"color:rgb(0, 0, 0)\">W3Schoolç½‘ç«™æ•™ç¨‹</span></a></p>\r\n','../image_upload/file_1398842990018.jpg','2014-04-30','ä½šå',0,0,'css3','recommendArticles','css3'),(6,'ä½¿ç”¨css3ä¼ªå…ƒç´ åˆ¶ä½œæ—¶é—´è½´å¹¶ä¸”å®ç°é¼ æ ‡é€‰ä¸­é«˜äº®æ•ˆæœ','<p>åˆ©ç”¨css3æ¥åˆ¶ä½œæ—¶é—´è½´çš„çŸ¥è¯†è¦ç‚¹ï¼šä¼ªå…ƒç´ ï¼Œä»¥åŠå¦‚ä½•åœ¨ä¼ªå…ƒç´ ä¸Šæ·»åŠ é”šä¼ªç±»</p>\r\n\r\n<p>1ï¼‰<strong>::before</strong> åœ¨å…ƒç´ ä¹‹å‰æ·»åŠ å†…å®¹ã€‚</p>\r\n\r\n<p>2ï¼‰<strong>::after</strong> åœ¨å…ƒç´ ä¹‹åæ·»åŠ å†…å®¹ã€‚</p>\r\n\r\n<p>æç¤ºï¼šäº¦å¯å†™æˆ :before :after&nbsp;CSS3å°†ä¼ªå¯¹è±¡é€‰æ‹©ç¬¦å‰é¢çš„å•ä¸ªå†’å·(:)ä¿®æ”¹ä¸ºåŒå†’å·(::)ç”¨ä»¥åŒºåˆ«ä¼ªç±»é€‰æ‹©ç¬¦ï¼Œä½†ä»¥å‰çš„å†™æ³•ä»ç„¶æœ‰æ•ˆã€‚</p>\r\n\r\n<p>ä»£ç åˆ†æï¼šå³è¾¹é‚£æ¡é»‘è‰²ç«–çº¿ï¼Œå¯ä»¥çœ‹æˆæ˜¯å³è¾¹æ¡†ã€ä¹Ÿå¯ä»¥ç”¨ä¼ªå…ƒç´ afteræˆ–è€…beforeå®ç°ï¼Œæ‰€ä»¥æ–¹æ³•æœ‰å¾ˆå¤šï¼Œä¸‹é¢çš„åªä½œä¸ºä¸€ç§å‚è€ƒï¼Œæˆ–è®¸ä½ æœ‰æ›´å¥½çš„å†™æ³•</p>\r\n\r\n<p><strong>ä½¿ç”¨æ–¹æ³•ï¼š</strong></p>\r\n\r\n<p>p::before { content: &quot; &quot;; }&nbsp;<span style=\"font-size:12px\"><span style=\"color:rgb(128, 128, 128)\">/*åœ¨på…ƒç´ å‰æ·»åŠ å†…å®¹ */</span></span></p>\r\n\r\n<p><strong>htmlä»£ç ï¼š</strong></p>\r\n\r\n<div class=\"shili\" style=\"margin: 0px; padding: 10px; background-color: rgb(245, 245, 245); border: 1px dotted rgb(119, 136, 85); word-wrap: break-word;\">\r\n<p>&lt;div class=&quot;blogs&quot;&gt;</p>\r\n\r\n<p>&nbsp; &lt;div class=&quot;bloglist&quot;&gt;</p>\r\n\r\n<p>&nbsp; &nbsp; &lt;h2&gt;&lt;a href=&quot;/&quot; target=&quot;_blank&quot;&gt;æˆ‘å¸Œæœ›æˆ‘çš„çˆ±æƒ…æ˜¯è¿™æ ·çš„&lt;/a&gt;&lt;/h2&gt;</p>\r\n\r\n<p>&nbsp; &nbsp; &lt;ul&gt;</p>\r\n\r\n<p>&nbsp; &nbsp; &nbsp; &lt;a href=&quot;/&quot;&gt;&lt;img src=&quot;/web/24/images/s1.jpg&quot;&gt;&lt;/a&gt;</p>\r\n\r\n<p>&nbsp; &nbsp; &nbsp; &lt;p&gt; æˆ‘å¸Œæœ›æˆ‘çš„çˆ±æƒ…æ˜¯è¿™æ ·çš„ï¼Œç›¸æ¿¡ä»¥æ²«ï¼Œä¸¾æ¡ˆé½çœ‰ï¼Œå¹³æ·¡å¦‚æ°´ã€‚æˆ‘åœ¨å²æœˆä¸­æ‰¾åˆ°ä»–ï¼Œä¾é ä»–ï¼Œå°†ä¸€ç”Ÿäº¤ä»˜ç»™ä»–ã€‚åšä»–çš„å¦»å­ï¼Œä»–å­©å­çš„æ¯äº²ï¼Œä¸ºä»–åšé¥­ï¼Œæ´—è¡£æœï¼Œç¼ä¸€é¢—æ‰äº†çš„çº½æ‰£ã€‚ç„¶åï¼Œæˆ‘ä»¬ä¸€èµ·åœ¨æ—¶å…‰ä¸­å˜è€ã€‚&lt;/p&gt;</p>\r\n\r\n<p>&nbsp; &nbsp; &lt;/ul&gt;</p>\r\n\r\n<p>&nbsp; &lt;/div&gt;</p>\r\n\r\n<p>&lt;/div&gt;</p>\r\n</div>\r\n\r\n<p><strong>ä¸»è¦CSSä»£ç ï¼š</strong></p>\r\n\r\n<div class=\"shili\" style=\"margin: 0px; padding: 10px; background-color: rgb(245, 245, 245); border: 1px dotted rgb(119, 136, 85); word-wrap: break-word;\">\r\n<p>.blogs { width: 670px; margin: 20px auto; position: relative; }</p>\r\n\r\n<p>.blogs<strong>::before</strong>&nbsp;{ content: &quot;&quot;; width: 2px; height: 100%; top: 0; bottom: 0; right: 0; background: #000; position: absolute }&nbsp;<span style=\"color:rgb(128, 128, 128)\"><span style=\"font-size:12px\">/* å³ä¾§çš„é»‘è‰²ç«–è½´çº¿ */</span></span></p>\r\n\r\n<p>.bloglist { background: #222; box-shadow: 0px 1px 0px rgba(255,255,255,.1), inset 0px 1px 1px rgba(0,0,0,.7); width: 630px; color: #b9b9b9; border-radius: 6px; }</p>\r\n\r\n<p>.bloglist<strong>::before</strong>&nbsp;{ content: &quot;&quot;; width: 0px; height: 0px; border-style: solid; border-width: 0px 0 20px 22px; border-color: transparent transparent transparent #111; position: absolute; left: 630px; top: 40px; }<span style=\"color:rgb(128, 128, 128)\"><span style=\"font-size:12px\">/* ä¸‰è§’å½¢ */</span></span></p>\r\n\r\n<p>.bloglist:<strong>:after&nbsp;</strong>{ content: &quot;&quot;; width: 10px; height: 10px; border-radius: 50%; position: absolute; left: 662px; top: 36px; background: #000; border: 2px solid #333; z-index: 10; }<span style=\"color:rgb(128, 128, 128)\"><span style=\"font-size:12px\">/* åœ†å½¢ */</span></span></p>\r\n\r\n<p>.bloglist<span style=\"color:rgb(255, 0, 0)\">:hover</span><strong>::afte</strong>r { border-color: #ccc; }<span style=\"font-size:12px\"><span style=\"color:rgb(128, 128, 128)\">/* é¼ æ ‡æ”¾ä¸Šå» åœ†å½¢è¾¹æ¡†å˜è‰² */</span></span></p>\r\n</div>\r\n\r\n<ul>\r\n</ul>\r\n\r\n<ul>\r\n</ul>\r\n','../image_upload/file_1398843120275.jpg','2014-04-30','ä½šå',2,0,'css3','recommendArticles','css3'),(7,'CSS3åŠ¨ç”»_liffect effect','<p><span style=\"color:rgb(117, 111, 113); font-family:å®‹ä½“,arial,helvetica,sans-serif; font-size:12px\">css3çš„animationå¯ä»¥è®©æˆ‘ä»¬ä¸åœ¨ä¾èµ–äºjavaScriptçš„è„šæœ¬å°±èƒ½å®ç°ä¸€äº›åŠ¨ç”»æ•ˆæœï¼Œä½†è¿™ä¸ªå±æ€§çš„åˆ¶ä½œï¼Œæ—¶é—´ç‚¹æ§åˆ¶è¿˜æ˜¯éœ€è¦èŠ±æ—¶é—´å»è°ƒè¯•çš„ï¼Œliffect effectå¯ä»¥è¯´æ˜¯ä¸€ä¸ªcss3 animationçš„åŠ¨ç”»åº“ï¼Œé‡Œé¢æ¶µç›–äº†20å¤šç§åŠ¨ç”»æ•ˆæœï¼Œæå…¶ç±»ä¼¼äºjQuery Easing Pluginä¸­çš„æ•ˆæœã€‚</span></p>\r\n\r\n<ul>\r\n</ul>\r\n','../image_upload/file_1398843318250.png','2014-04-30','ä½šå',1,0,'css3','','css3');
/*!40000 ALTER TABLE `article` ENABLE KEYS */;
UNLOCK TABLES;

--
-- Table structure for table `authorities`
--

DROP TABLE IF EXISTS `authorities`;
/*!40101 SET @saved_cs_client     = @@character_set_client */;
/*!40101 SET character_set_client = utf8 */;
CREATE TABLE `authorities` (
  `username` varchar(256) CHARACTER SET latin1 DEFAULT NULL,
  `authority` varchar(256) CHARACTER SET latin1 DEFAULT NULL
) ENGINE=InnoDB DEFAULT CHARSET=utf8;
/*!40101 SET character_set_client = @saved_cs_client */;

--
-- Dumping data for table `authorities`
--

LOCK TABLES `authorities` WRITE;
/*!40000 ALTER TABLE `authorities` DISABLE KEYS */;
/*!40000 ALTER TABLE `authorities` ENABLE KEYS */;
UNLOCK TABLES;

--
-- Table structure for table `critique`
--

DROP TABLE IF EXISTS `critique`;
/*!40101 SET @saved_cs_client     = @@character_set_client */;
/*!40101 SET character_set_client = utf8 */;
CREATE TABLE `critique` (
  `id` int(11) NOT NULL AUTO_INCREMENT,
  `article_id` int(11) DEFAULT NULL,
  `content` varchar(2000) DEFAULT NULL,
  `name` varchar(255) DEFAULT NULL,
  `time` varchar(255) DEFAULT NULL,
  `photo` varchar(255) DEFAULT NULL,
  `type` varchar(255) DEFAULT NULL,
  `notice` varchar(255) DEFAULT NULL,
  PRIMARY KEY (`id`)
) ENGINE=InnoDB AUTO_INCREMENT=10 DEFAULT CHARSET=utf8;
/*!40101 SET character_set_client = @saved_cs_client */;

--
-- Dumping data for table `critique`
--

LOCK TABLES `critique` WRITE;
/*!40000 ALTER TABLE `critique` DISABLE KEYS */;
INSERT INTO `critique` VALUES (1,NULL,'è¿™ä¸ªåšå®¢ä¸é”™ä¸é”™,æˆ‘å¾ˆå–œæ¬¢','èµµæµ©','2014-4-24',NULL,NULL,NULL),(2,NULL,'è¿™ä¸ªåšå®¢ä¸é”™ä¸é”™,æˆ‘å¾ˆå–œæ¬¢','èµµæµ©','2014-4-24',NULL,NULL,NULL),(3,NULL,'è¿™ä¸ªåšå®¢ä¸é”™ä¸é”™,æˆ‘å¾ˆå–œæ¬¢','èµµæµ©','2014-4-24',NULL,NULL,NULL),(4,NULL,'è¿™ä¸ªåšå®¢ä¸é”™ä¸é”™,æˆ‘å¾ˆå–œæ¬¢','èµµæµ©','2014-4-24',NULL,NULL,NULL),(5,NULL,'è¿™ä¸ªåšå®¢ä¸é”™ä¸é”™,æˆ‘å¾ˆå–œæ¬¢','èµµæµ©','2014-4-24',NULL,NULL,NULL),(6,NULL,'è¿™ä¸ªåšå®¢ä¸é”™ä¸é”™,æˆ‘å¾ˆå–œæ¬¢','èµµæµ©','2014-4-24',NULL,NULL,NULL),(7,NULL,'<p>ç¬¬ä¸€ä¸ªåšå®¢ç¨‹åº</p>\r\n','èµµæµ©','2014-04-30',NULL,'ç•™è¨€',NULL),(8,NULL,'<p>æµ‹è¯•ä¸€ä¸‹</p>\r\n','èµµæµ©','2014-04-30',NULL,'ç•™è¨€',NULL),(9,NULL,'<p>ç•™è¨€å†…å®¹</p>\r\n','èµµæµ©','2014-04-30',NULL,'ç•™è¨€',NULL);
/*!40000 ALTER TABLE `critique` ENABLE KEYS */;
UNLOCK TABLES;

--
-- Table structure for table `manager`
--

DROP TABLE IF EXISTS `manager`;
/*!40101 SET @saved_cs_client     = @@character_set_client */;
/*!40101 SET character_set_client = utf8 */;
CREATE TABLE `manager` (
  `id` int(11) NOT NULL AUTO_INCREMENT,
  `account` varchar(255) DEFAULT NULL,
  `password` varchar(255) DEFAULT NULL,
  `role` varchar(255) DEFAULT NULL,
  `notice` varchar(255) DEFAULT NULL,
  PRIMARY KEY (`id`)
) ENGINE=InnoDB AUTO_INCREMENT=2 DEFAULT CHARSET=utf8;
/*!40101 SET character_set_client = @saved_cs_client */;

--
-- Dumping data for table `manager`
--

LOCK TABLES `manager` WRITE;
/*!40000 ALTER TABLE `manager` DISABLE KEYS */;
INSERT INTO `manager` VALUES (1,'admin','123456',NULL,NULL);
/*!40000 ALTER TABLE `manager` ENABLE KEYS */;
UNLOCK TABLES;

--
-- Table structure for table `me`
--

DROP TABLE IF EXISTS `me`;
/*!40101 SET @saved_cs_client     = @@character_set_client */;
/*!40101 SET character_set_client = utf8 */;
CREATE TABLE `me` (
  `id` int(11) NOT NULL AUTO_INCREMENT,
  `content` varchar(5535) DEFAULT NULL,
  `name` varchar(255) DEFAULT NULL,
  `notice` varchar(255) DEFAULT NULL,
  PRIMARY KEY (`id`)
) ENGINE=InnoDB AUTO_INCREMENT=2 DEFAULT CHARSET=utf8;
/*!40101 SET character_set_client = @saved_cs_client */;

--
-- Dumping data for table `me`
--

LOCK TABLES `me` WRITE;
/*!40000 ALTER TABLE `me` DISABLE KEYS */;
INSERT INTO `me` VALUES (1,'<p>è¯·ä¸è¦å‡è£…å¯¹æˆ‘å¥½ï¼Œæˆ‘å¾ˆå‚»ï¼Œä¼šå½“çœŸçš„ã€‚<br />\r\nè°æŠŠè°çœŸçš„å½“çœŸï¼Œè°ä¸ºè°å¿ƒç–¼ã€‚<br />\r\nçˆ±é‚£ä¹ˆçŸ­ï¼Œé—å¿˜é‚£ä¹ˆé•¿ã€‚<br />\r\næˆ‘è¿˜åœ¨åŸåœ°ç­‰ä½ ï¼Œä½ å´å·²ç»å¿˜è®°æ›¾æ¥è¿‡è¿™é‡Œã€‚<br />\r\nè°çš„å¯‚å¯è¦†æˆ‘åè£³ï¼Œè°çš„åè£³è¦†æˆ‘è‚©è†€ã€‚<br />\r\nç»ä¸ä½ä¼¼æ°´æµå¹´ï¼Œé€ƒä¸è¿‡æ­¤é—´å°‘å¹´ã€‚<br />\r\nåŸæ¥åœ°ä¹…å¤©é•¿ï¼Œåªæ˜¯è¯¯ä¼šä¸€åœºã€‚<br />\r\nå¹¸ç¦ï¼Œå°±æ˜¯æ‰¾ä¸€ä¸ªæ¸©æš–çš„äººè¿‡ä¸€è¾ˆå­ã€‚<br />\r\nç—›è¿‡ä¹‹åå°±ä¸ä¼šè§‰å¾—ç—›äº†ï¼Œæœ‰çš„åªä¼šæ˜¯ä¸€é¢—å†·æ¼ çš„å¿ƒã€‚<br />\r\næ²¡æœ‰ä»€ä¹ˆè¿‡ä¸å»ï¼Œåªæ˜¯å†ä¹Ÿå›ä¸å»ã€‚è¦æœ‰å¤šåšå¼ºï¼Œæ‰æ•¢å¿µå¿µä¸å¿˜ã€‚ä½ æ˜¯æˆ‘çŒœä¸åˆ°çš„ä¸çŸ¥æ‰€æªï¼Œæˆ‘æ˜¯ä½ æƒ³ä¸åˆ°çš„æ— å…³ç—›ç—’ã€‚<br />\r\næ„Ÿæƒ…çš„æˆï¼Œæˆ‘æ²¡æ¼”æŠ€ã€‚<br />\r\nä¸€ä¸ªäººï¼Œä¸€åº§åŸï¼Œä¸€ç”Ÿå¿ƒç–¼ã€‚çœ‹ç€åˆ«äººçš„æ•…äº‹ï¼Œæµç€è‡ªå·±çš„çœ¼æ³ªã€‚<br />\r\næˆ‘å–œæ¬¢ç°åœ¨çš„è‡ªå·±ï¼Œæˆ‘æ€€å¿µè¿‡å»çš„æˆ‘ä»¬ã€‚ç¦»å¼€åï¼Œåˆ«è¯´ç¥æˆ‘å¹¸ç¦ï¼Œä½ æœ‰ä»€ä¹ˆèµ„æ ¼ç¥æˆ‘å¹¸ç¦ï¼Ÿå‘æ¥ç¼˜æµ…ï¼Œå¥ˆä½•æƒ…æ·±ã€‚<br />\r\nå½¼å¹´è±†è”»ï¼Œè°è®¸è°åœ°è€å¤©è’ã€‚æˆ‘ä¸åœ¨ä¹ä½ å¯¹æˆ‘çš„ä¸åœ¨ä¹ã€‚æˆ‘ç›¸ä¿¡è¿™ä¸ªä¸–ç•Œæ°¸è¿œé‚£ä¹ˆç¾ã€‚<br />\r\nä¹ æƒ¯éš¾å—ï¼Œä¹ æƒ¯æ€å¿µï¼Œä¹ æƒ¯ç­‰ä½ ï¼Œå¯æ˜¯å´ä¸€ç›´æ²¡æœ‰ä¹ æƒ¯çœ‹ä¸åˆ°ä½ ã€‚<br />\r\nå¦‚èŠ±ç¾çœ·ï¼Œä¼¼æ°´æµå¹´ã€‚å›å¾—äº†è¿‡å»ï¼Œå›ä¸äº†å½“åˆã€‚é‚£äº›æœ€ç»ˆä¼šè®©ä½ é™·è¿›å»çš„ï¼Œä¸€å¼€å§‹æ€»æ˜¯ç¾å¥½ã€‚<br />\r\nå½“ä½ åšå¯¹çš„æ—¶å€™ï¼Œæ²¡æœ‰äººä¼šè®°å¾—ï¼›å½“ä½ åšé”™çš„æ—¶å€™ï¼Œè¿å‘¼å¸éƒ½æ˜¯é”™ã€‚<br />\r\nç­‰å¾…ï¼Œæ˜¯ä¸€ç”Ÿæœ€åˆçš„è‹è€ã€‚æœ‰äº›äº‹ä¸€è½¬èº«å°±ä¸€è¾ˆå­ã€‚<br />\r\nå¹´è½»æ—¶æˆ‘ä»¬æ”¾å¼ƒï¼Œä»¥ä¸ºé‚£åªæ˜¯ä¸€æ®µæ„Ÿæƒ…ï¼Œåæ¥æ‰çŸ¥é“ï¼Œé‚£å…¶å®æ˜¯ä¸€ç”Ÿã€‚<br />\r\nå“€è«è¿‡äºå¿ƒä¸æ­»ã€‚<br />\r\næˆ‘å¾ˆå¥½ï¼Œä¸åµä¸é—¹ä¸ç‚«è€€ï¼Œä¸è¦å§”å±ˆä¸è¦å˜²ç¬‘ï¼Œä¹Ÿä¸éœ€è¦åˆ«äººçŸ¥é“ã€‚<br />\r\næˆ‘æ˜¯ä½ è½¬èº«å°±å¿˜çš„è·¯äººç”²ï¼Œå‡­ä»€ä¹ˆé™ªä½ è¹‰è·å¹´ååˆ°å¤©æ¶¯ï¼Ÿ</p>\r\n',NULL,NULL);
/*!40000 ALTER TABLE `me` ENABLE KEYS */;
UNLOCK TABLES;

--
-- Table structure for table `oauth_access_token`
--

DROP TABLE IF EXISTS `oauth_access_token`;
/*!40101 SET @saved_cs_client     = @@character_set_client */;
/*!40101 SET character_set_client = utf8 */;
CREATE TABLE `oauth_access_token` (
  `token_id` varchar(256) CHARACTER SET latin1 DEFAULT NULL,
  `token` blob,
  `authentication_id` varchar(256) CHARACTER SET latin1 DEFAULT NULL,
  `user_name` varchar(256) CHARACTER SET latin1 DEFAULT NULL,
  `client_id` text CHARACTER SET latin1,
  `authentication` blob,
  `refresh_token` varchar(256) CHARACTER SET latin1 DEFAULT NULL
) ENGINE=InnoDB DEFAULT CHARSET=utf8;
/*!40101 SET character_set_client = @saved_cs_client */;

--
-- Dumping data for table `oauth_access_token`
--

LOCK TABLES `oauth_access_token` WRITE;
/*!40000 ALTER TABLE `oauth_access_token` DISABLE KEYS */;
INSERT INTO `oauth_access_token` VALUES ('79ea650f6c1fc39188e91ecb8ef4c56d','ï¿½ï¿½\0sr\0Corg.springframework.security.oauth2.common.DefaultOAuth2AccessTokenï¿½ï¿½6$ï¿½ï¿½\0L\0additionalInformationt\0Ljava/util/Map;L\0\nexpirationt\0Ljava/util/Date;L\0refreshTokent\0?Lorg/springframework/security/oauth2/common/OAuth2RefreshToken;L\0scopet\0Ljava/util/Set;L\0	tokenTypet\0Ljava/lang/String;L\0valueq\0~\0xpsr\0java.util.Collections$EmptyMapY6ï¿½Zï¿½ï¿½ï¿½\0\0xpsr\0java.util.Datehjï¿½KYt\0\0xpw\0\0OX\"Tkxpsr\0%java.util.Collections$UnmodifiableSetï¿½ï¿½Ñï¿½ï¿½U\0\0xr\0,java.util.Collections$UnmodifiableCollectionB\0ï¿½ï¿½^ï¿½\0L\0ct\0Ljava/util/Collection;xpsr\0java.util.LinkedHashSetï¿½lï¿½Zï¿½ï¿½*\0\0xr\0java.util.HashSetï¿½Dï¿½ï¿½ï¿½ï¿½ï¿½4\0\0xpw\0\0\0?@\0\0\0\0\0t\0readxt\0bearert\0$6e2693da-0842-4775-b148-043020ae8ae6','2f5e20167425123c9ca9cb3c53d51774','dongtian','restapp','ï¿½ï¿½\0sr\0Aorg.springframework.security.oauth2.provider.OAuth2Authenticationï¿½@bR\0L\0\rstoredRequestt\0<Lorg/springframework/security/oauth2/provider/OAuth2Request;L\0userAuthenticationt\02Lorg/springframework/security/core/Authentication;xr\0Gorg.springframework.security.authentication.AbstractAuthenticationTokenÓª(~nGd\0Z\0\rauthenticatedL\0authoritiest\0Ljava/util/Collection;L\0detailst\0Ljava/lang/Object;xp\0sr\0&java.util.Collections$UnmodifiableListï¿½%1ï¿½ï¿½\0L\0listt\0Ljava/util/List;xr\0,java.util.Collections$UnmodifiableCollectionB\0ï¿½ï¿½^ï¿½\0L\0cq\0~\0xpsr\0java.util.ArrayListxï¿½ï¿½ï¿½ï¿½aï¿½\0I\0sizexp\0\0\0w\0\0\0sr\0Borg.springframework.security.core.authority.SimpleGrantedAuthority\0\0\0\0\0\0@\0L\0rolet\0Ljava/lang/String;xpt\0ROLE_APPxq\0~\0psr\0:org.springframework.security.oauth2.provider.OAuth2Request\0\0\0\0\0\0\0\0Z\0approvedL\0authoritiesq\0~\0L\0\nextensionst\0Ljava/util/Map;L\0redirectUriq\0~\0L\0refresht\0;Lorg/springframework/security/oauth2/provider/TokenRequest;L\0resourceIdst\0Ljava/util/Set;L\0\rresponseTypesq\0~\0xr\08org.springframework.security.oauth2.provider.BaseRequest6(z>ï¿½qiï¿½\0L\0clientIdq\0~\0L\0requestParametersq\0~\0L\0scopeq\0~\0xpt\0restappsr\0%java.util.Collections$UnmodifiableMapï¿½ï¿½tï¿½B\0L\0mq\0~\0xpsr\0java.util.HashMapï¿½ï¿½ï¿½`ï¿½\0F\0\nloadFactorI\0	thresholdxp?@\0\0\0\0\0w\0\0\0\0\0\0t\0usernamet\0dongtiant\0\ngrant_typet\0passwordt\0	client_idt\0restappxsr\0%java.util.Collections$UnmodifiableSetï¿½ï¿½Ñï¿½ï¿½U\0\0xq\0~\0	sr\0java.util.LinkedHashSetï¿½lï¿½Zï¿½ï¿½*\0\0xr\0java.util.HashSetï¿½Dï¿½ï¿½ï¿½ï¿½ï¿½4\0\0xpw\0\0\0?@\0\0\0\0\0t\0readxsq\0~\0%w\0\0\0?@\0\0\0\0\0\0xsq\0~\0\Z?@\0\0\0\0\0w\0\0\0\0\0\0\0xppsr\0java.util.Collections$EmptySetï¿½rï¿½ï¿½(\0\0xpsq\0~\0%w\0\0\0?@\0\0\0\0\0\0xsr\0Oorg.springframework.security.authentication.UsernamePasswordAuthenticationToken\0\0\0\0\0\0@\0L\0credentialsq\0~\0L\0	principalq\0~\0xq\0~\0sq\0~\0sq\0~\0\0\0\0w\0\0\0q\0~\0xq\0~\00sr\0java.util.LinkedHashMap4ï¿½N\\lï¿½ï¿½\0Z\0accessOrderxq\0~\0\Z?@\0\0\0\0\0w\0\0\0\0\0\0q\0~\0q\0~\0q\0~\0 q\0~\0!t\0\rclient_secrett\0restappq\0~\0q\0~\0x\0psr\0<org.springframework.security.oauth2.provider.service.AppUserï¿½+ï¿½?ï¿½\0Z\0accountNonExpiredZ\0accountNonLockedZ\0credentialsNonExpiredZ\0enabledL\0authoritiesq\0~\0L\0passwordq\0~\0L\0usernameq\0~\0xpsq\0~\0%w\0\0\0?@\0\0\0\0\0q\0~\0xt\0dongtiant\0dongtian',NULL);
/*!40000 ALTER TABLE `oauth_access_token` ENABLE KEYS */;
UNLOCK TABLES;

--
-- Table structure for table `oauth_client_details`
--

DROP TABLE IF EXISTS `oauth_client_details`;
/*!40101 SET @saved_cs_client     = @@character_set_client */;
/*!40101 SET character_set_client = utf8 */;
CREATE TABLE `oauth_client_details` (
  `client_id` varchar(256) CHARACTER SET latin1 NOT NULL,
  `resource_ids` varchar(256) CHARACTER SET latin1 DEFAULT NULL,
  `client_secret` varchar(256) CHARACTER SET latin1 DEFAULT NULL,
  `scope` varchar(256) CHARACTER SET latin1 DEFAULT NULL,
  `authorized_grant_types` varchar(256) CHARACTER SET latin1 DEFAULT NULL,
  `web_server_redirect_uri` varchar(256) CHARACTER SET latin1 DEFAULT NULL,
  `authorities` varchar(256) CHARACTER SET latin1 DEFAULT NULL,
  `access_token_validity` int(11) DEFAULT NULL,
  `refresh_token_validity` int(11) DEFAULT NULL,
  `additional_information` varchar(4096) CHARACTER SET latin1 DEFAULT NULL,
  `autoapprove` varchar(256) CHARACTER SET latin1 DEFAULT NULL,
  PRIMARY KEY (`client_id`)
) ENGINE=InnoDB DEFAULT CHARSET=utf8;
/*!40101 SET character_set_client = @saved_cs_client */;

--
-- Dumping data for table `oauth_client_details`
--

LOCK TABLES `oauth_client_details` WRITE;
/*!40000 ALTER TABLE `oauth_client_details` DISABLE KEYS */;
INSERT INTO `oauth_client_details` VALUES ('restapp',NULL,'restapp','read','password',NULL,NULL,NULL,NULL,NULL,NULL);
/*!40000 ALTER TABLE `oauth_client_details` ENABLE KEYS */;
UNLOCK TABLES;

--
-- Table structure for table `oauth_client_token`
--

DROP TABLE IF EXISTS `oauth_client_token`;
/*!40101 SET @saved_cs_client     = @@character_set_client */;
/*!40101 SET character_set_client = utf8 */;
CREATE TABLE `oauth_client_token` (
  `token_id` varchar(256) CHARACTER SET latin1 DEFAULT NULL,
  `token` blob,
  `authentication_id` varchar(256) CHARACTER SET latin1 DEFAULT NULL,
  `user_name` varchar(256) CHARACTER SET latin1 DEFAULT NULL,
  `client_id` varchar(256) CHARACTER SET latin1 DEFAULT NULL
) ENGINE=InnoDB DEFAULT CHARSET=utf8;
/*!40101 SET character_set_client = @saved_cs_client */;

--
-- Dumping data for table `oauth_client_token`
--

LOCK TABLES `oauth_client_token` WRITE;
/*!40000 ALTER TABLE `oauth_client_token` DISABLE KEYS */;
/*!40000 ALTER TABLE `oauth_client_token` ENABLE KEYS */;
UNLOCK TABLES;

--
-- Table structure for table `oauth_code`
--

DROP TABLE IF EXISTS `oauth_code`;
/*!40101 SET @saved_cs_client     = @@character_set_client */;
/*!40101 SET character_set_client = utf8 */;
CREATE TABLE `oauth_code` (
  `code` varchar(256) CHARACTER SET latin1 DEFAULT NULL,
  `authentication` blob
) ENGINE=InnoDB DEFAULT CHARSET=utf8;
/*!40101 SET character_set_client = @saved_cs_client */;

--
-- Dumping data for table `oauth_code`
--

LOCK TABLES `oauth_code` WRITE;
/*!40000 ALTER TABLE `oauth_code` DISABLE KEYS */;
/*!40000 ALTER TABLE `oauth_code` ENABLE KEYS */;
UNLOCK TABLES;

--
-- Table structure for table `oauth_refresh_token`
--

DROP TABLE IF EXISTS `oauth_refresh_token`;
/*!40101 SET @saved_cs_client     = @@character_set_client */;
/*!40101 SET character_set_client = utf8 */;
CREATE TABLE `oauth_refresh_token` (
  `token_id` varchar(256) CHARACTER SET latin1 DEFAULT NULL,
  `token` blob,
  `authentication` blob
) ENGINE=InnoDB DEFAULT CHARSET=utf8;
/*!40101 SET character_set_client = @saved_cs_client */;

--
-- Dumping data for table `oauth_refresh_token`
--

LOCK TABLES `oauth_refresh_token` WRITE;
/*!40000 ALTER TABLE `oauth_refresh_token` DISABLE KEYS */;
/*!40000 ALTER TABLE `oauth_refresh_token` ENABLE KEYS */;
UNLOCK TABLES;

--
-- Table structure for table `photo`
--

DROP TABLE IF EXISTS `photo`;
/*!40101 SET @saved_cs_client     = @@character_set_client */;
/*!40101 SET character_set_client = utf8 */;
CREATE TABLE `photo` (
  `id` int(11) NOT NULL AUTO_INCREMENT,
  `image` varchar(255) DEFAULT NULL,
  `note` varchar(255) DEFAULT NULL,
  `content` varchar(255) DEFAULT NULL,
  `type` varchar(255) DEFAULT NULL,
  `notice` varchar(255) DEFAULT NULL,
  `time` varchar(255) DEFAULT NULL,
  `album_id` int(11) DEFAULT NULL,
  PRIMARY KEY (`id`),
  KEY `FK65B3E3233B5690E` (`album_id`),
  CONSTRAINT `FK65B3E3233B5690E` FOREIGN KEY (`album_id`) REFERENCES `album` (`id`)
) ENGINE=InnoDB AUTO_INCREMENT=21 DEFAULT CHARSET=utf8;
/*!40101 SET character_set_client = @saved_cs_client */;

--
-- Dumping data for table `photo`
--

LOCK TABLES `photo` WRITE;
/*!40000 ALTER TABLE `photo` DISABLE KEYS */;
INSERT INTO `photo` VALUES (1,'../image_upload/1.jpg','è¿™æ˜¯ç¬¬1å¼ ç…§ç‰‡','å†…å®¹','1','ç›¸å†Œ','2014-4-25',1),(2,'../image_upload/001.jpg','è¿™æ˜¯ç¬¬1å¼ ç…§ç‰‡','å†…å®¹','2','ç›¸å†Œ','2014-4-25',1),(3,'../image_upload/2.jpg','è¿™æ˜¯ç¬¬2å¼ ç…§ç‰‡','å†…å®¹','1',NULL,'2014-4-25',1),(4,'../image_upload/3.jpg','è¿™æ˜¯ç¬¬3å¼ ç…§ç‰‡','å†…å®¹','1',NULL,'2014-4-25',1),(5,'../image_upload/4.jpg','è¿™æ˜¯ç¬¬4å¼ ç…§ç‰‡','å†…å®¹','1',NULL,'2014-4-25',1),(6,'../image_upload/5.jpg','è¿™æ˜¯ç¬¬5å¼ ç…§ç‰‡','å†…å®¹','1',NULL,'2014-4-25',1),(7,'../image_upload/6.jpg','è¿™æ˜¯ç¬¬6å¼ ç…§ç‰‡','å†…å®¹','1',NULL,'2014-4-25',1),(8,'../image_upload/7.jpg','è¿™æ˜¯ç¬¬7å¼ ç…§ç‰‡','å†…å®¹','1',NULL,'2014-4-25',1),(9,'../image_upload/8.jpg','è¿™æ˜¯ç¬¬8å¼ ç…§ç‰‡','å†…å®¹','1',NULL,'2014-4-25',1),(10,'../image_upload/9.jpg','è¿™æ˜¯ç¬¬9å¼ ç…§ç‰‡','å†…å®¹','1',NULL,'2014-4-25',1),(11,'../image_upload/10.jpg','è¿™æ˜¯ç¬¬10å¼ ç…§ç‰‡','å†…å®¹','1',NULL,'2014-4-25',1),(12,'../image_upload/11.jpg','è¿™æ˜¯ç¬¬11å¼ ç…§ç‰‡','å†…å®¹','1',NULL,'2014-4-25',1),(13,'../image_upload/12.jpg','è¿™æ˜¯ç¬¬12å¼ ç…§ç‰‡','å†…å®¹','1',NULL,'2014-4-25',1),(14,'../image_upload/002.jpg','è¿™æ˜¯ç¬¬2å¼ ç…§ç‰‡','å†…å®¹','2',NULL,'2014-4-26',2),(15,'../image_upload/003.jpg','è¿™æ˜¯ç¬¬3å¼ ç…§ç‰‡','å†…å®¹','2',NULL,'2014-4-26',2),(16,'../image_upload/004.jpg','è¿™æ˜¯ç¬¬4å¼ ç…§ç‰‡','å†…å®¹','2',NULL,'2014-4-26',2),(17,'../image_upload/005.jpg','è¿™æ˜¯ç¬¬5å¼ ç…§ç‰‡','å†…å®¹','2',NULL,'2014-4-26',2),(18,'../image_upload/006.jpg','è¿™æ˜¯ç¬¬6å¼ ç…§ç‰‡','å†…å®¹','2',NULL,'2014-4-26',2),(19,'../image_upload/007.jpg','è¿™æ˜¯ç¬¬7å¼ ç…§ç‰‡','å†…å®¹','2',NULL,'2014-4-26',2),(20,'../image_upload/008.jpg','è¿™æ˜¯ç¬¬8å¼ ç…§ç‰‡','å†…å®¹','2',NULL,'2014-4-26',2);
/*!40000 ALTER TABLE `photo` ENABLE KEYS */;
UNLOCK TABLES;

--
-- Table structure for table `t_art_stat`
--

DROP TABLE IF EXISTS `t_art_stat`;
/*!40101 SET @saved_cs_client     = @@character_set_client */;
/*!40101 SET character_set_client = utf8 */;
CREATE TABLE `t_art_stat` (
  `tid` varchar(36) NOT NULL COMMENT 'æ–‡ç« IDï¼ˆä¸»é”®ã€å¤–é”®ï¼‰',
  `read_count` int(11) DEFAULT NULL COMMENT 'æ–‡ç« ç‚¹å‡»æ•°',
  `upvote` int(11) DEFAULT NULL COMMENT 'ç‚¹èµæ•°',
  PRIMARY KEY (`tid`)
) ENGINE=InnoDB DEFAULT CHARSET=utf8 COMMENT='æ–‡ç« æ•°æ®ç»Ÿè®¡è¡¨';
/*!40101 SET character_set_client = @saved_cs_client */;

--
-- Dumping data for table `t_art_stat`
--

LOCK TABLES `t_art_stat` WRITE;
/*!40000 ALTER TABLE `t_art_stat` DISABLE KEYS */;
/*!40000 ALTER TABLE `t_art_stat` ENABLE KEYS */;
UNLOCK TABLES;

--
-- Table structure for table `t_blog`
--

DROP TABLE IF EXISTS `t_blog`;
/*!40101 SET @saved_cs_client     = @@character_set_client */;
/*!40101 SET character_set_client = utf8 */;
CREATE TABLE `t_blog` (
  `tid` varchar(36) NOT NULL COMMENT 'æ–‡ç« IDï¼ˆä¸»é”®ï¼‰',
  `user_id` varchar(36) DEFAULT NULL COMMENT 'ç”¨æˆ·IDï¼ˆå¤–é”®ï¼‰',
  `title` varchar(100) DEFAULT NULL COMMENT 'æ–‡ç« æ ‡é¢˜',
  `author` varchar(50) DEFAULT NULL COMMENT 'ä½œè€…',
  `type` char(1) NOT NULL DEFAULT '0' COMMENT 'æ–‡ç« ç±»å‹ï¼ˆåŸåˆ›ã€è½¬è½½ï¼‰',
  `loadURL` varchar(100) DEFAULT NULL COMMENT 'è½¬è½½åœ°å€',
  `label` varchar(100) DEFAULT NULL COMMENT 'æ–‡ç« æ ‡ç­¾',
  `decoration` varchar(100) DEFAULT NULL COMMENT 'æ–‡ç« æè¿°ä¿¡æ¯',
  `create_time` datetime DEFAULT NULL COMMENT 'åˆ›å»ºæ—¶é—´',
  `alter_time` datetime DEFAULT NULL COMMENT 'ä¿®æ”¹æ—¶é—´',
  `state` char(1) NOT NULL DEFAULT '0' COMMENT 'æ–‡ç« çŠ¶æ€ï¼ˆæœªå®¡æ ¸ã€ä¿å­˜ã€å®¡æ ¸é€šè¿‡ï¼‰',
  PRIMARY KEY (`tid`)
) ENGINE=InnoDB DEFAULT CHARSET=utf8 COMMENT='æ–‡ç« ä¿¡æ¯è¡¨';
/*!40101 SET character_set_client = @saved_cs_client */;

--
-- Dumping data for table `t_blog`
--

LOCK TABLES `t_blog` WRITE;
/*!40000 ALTER TABLE `t_blog` DISABLE KEYS */;
/*!40000 ALTER TABLE `t_blog` ENABLE KEYS */;
UNLOCK TABLES;

--
-- Table structure for table `t_login_log`
--

DROP TABLE IF EXISTS `t_login_log`;
/*!40101 SET @saved_cs_client     = @@character_set_client */;
/*!40101 SET character_set_client = utf8 */;
CREATE TABLE `t_login_log` (
  `login_log_id` int(11) NOT NULL AUTO_INCREMENT,
  `user_id` int(11) DEFAULT NULL,
  `ip` varchar(32) DEFAULT NULL,
  `login_datetime` datetime DEFAULT NULL,
  PRIMARY KEY (`login_log_id`)
) ENGINE=InnoDB AUTO_INCREMENT=2 DEFAULT CHARSET=utf8;
/*!40101 SET character_set_client = @saved_cs_client */;

--
-- Dumping data for table `t_login_log`
--

LOCK TABLES `t_login_log` WRITE;
/*!40000 ALTER TABLE `t_login_log` DISABLE KEYS */;
INSERT INTO `t_login_log` VALUES (1,1,'0:0:0:0:0:0:0:1','2017-07-01 16:52:08');
/*!40000 ALTER TABLE `t_login_log` ENABLE KEYS */;
UNLOCK TABLES;

--
-- Table structure for table `t_response_one`
--

DROP TABLE IF EXISTS `t_response_one`;
/*!40101 SET @saved_cs_client     = @@character_set_client */;
/*!40101 SET character_set_client = utf8 */;
CREATE TABLE `t_response_one` (
  `post_id` varchar(36) NOT NULL COMMENT 'å›å¤IDï¼ˆä¸»é”®ï¼‰',
  `user_id` varchar(36) DEFAULT NULL COMMENT 'ç”¨æˆ·IDï¼ˆå¤–é”®ï¼‰',
  `tid` varchar(36) DEFAULT NULL COMMENT 'æ–‡ç« IDï¼ˆå¤–é”®ï¼‰',
  `text` varchar(1000) DEFAULT NULL COMMENT 'å›å¤æ¶ˆæ¯',
  `respond` varchar(36) DEFAULT NULL COMMENT 'äºŒçº§å›å¤IDï¼ˆå€¼å”¯ä¸€ï¼‰',
  `create_time` datetime DEFAULT NULL COMMENT 'åˆ›å»ºæ—¶é—´',
  PRIMARY KEY (`post_id`),
  KEY `t_response_one_t_users_user_id_fk` (`user_id`),
  KEY `t_response_one_t_blog_tid_fk` (`tid`),
  CONSTRAINT `t_response_one_t_blog_tid_fk` FOREIGN KEY (`tid`) REFERENCES `t_blog` (`tid`),
  CONSTRAINT `t_response_one_t_users_user_id_fk` FOREIGN KEY (`user_id`) REFERENCES `t_users` (`user_id`)
) ENGINE=InnoDB DEFAULT CHARSET=utf8 COMMENT='ä¸€çº§å›å¤è¡¨';
/*!40101 SET character_set_client = @saved_cs_client */;

--
-- Dumping data for table `t_response_one`
--

LOCK TABLES `t_response_one` WRITE;
/*!40000 ALTER TABLE `t_response_one` DISABLE KEYS */;
/*!40000 ALTER TABLE `t_response_one` ENABLE KEYS */;
UNLOCK TABLES;

--
-- Table structure for table `t_response_sec`
--

DROP TABLE IF EXISTS `t_response_sec`;
/*!40101 SET @saved_cs_client     = @@character_set_client */;
/*!40101 SET character_set_client = utf8 */;
CREATE TABLE `t_response_sec` (
  `respond_id` varchar(36) NOT NULL COMMENT 'äºŒçº§å›å¤IDç¼–å·ï¼ˆä¸»é”®ï¼‰',
  `user_id` varchar(36) DEFAULT NULL COMMENT 'ç”¨æˆ·IDï¼ˆå¤–é”®ï¼‰',
  `text` varchar(1000) DEFAULT NULL COMMENT 'å›å¤æ¶ˆæ¯',
  `create_time` datetime DEFAULT NULL COMMENT 'åˆ›å»ºæ—¶é—´',
  PRIMARY KEY (`respond_id`)
) ENGINE=InnoDB DEFAULT CHARSET=utf8 COMMENT='äºŒçº§å›å¤è¡¨';
/*!40101 SET character_set_client = @saved_cs_client */;

--
-- Dumping data for table `t_response_sec`
--

LOCK TABLES `t_response_sec` WRITE;
/*!40000 ALTER TABLE `t_response_sec` DISABLE KEYS */;
/*!40000 ALTER TABLE `t_response_sec` ENABLE KEYS */;
UNLOCK TABLES;

--
-- Table structure for table `t_source`
--

DROP TABLE IF EXISTS `t_source`;
/*!40101 SET @saved_cs_client     = @@character_set_client */;
/*!40101 SET character_set_client = utf8 */;
CREATE TABLE `t_source` (
  `source_id` varchar(36) NOT NULL COMMENT 'èµ„æºIDï¼ˆä¸»é”®ï¼‰',
  `user_id` varchar(36) DEFAULT NULL COMMENT 'ç”¨æˆ·IDï¼ˆå¤–é”®ï¼‰',
  `title` varchar(100) DEFAULT NULL COMMENT 'æ ‡é¢˜',
  `type` varchar(100) DEFAULT NULL COMMENT 'ç±»å‹',
  `sdecotation` varchar(100) DEFAULT NULL COMMENT 'æè¿°ä¿¡æ¯',
  `source_url` varchar(100) DEFAULT NULL COMMENT 'èµ„æºä¸‹è½½åœ°å€',
  `create_time` datetime DEFAULT NULL COMMENT 'åˆ›å»ºæ—¶é—´',
  PRIMARY KEY (`source_id`)
) ENGINE=InnoDB DEFAULT CHARSET=utf8 COMMENT='èµ„æºåˆ†äº«è¡¨';
/*!40101 SET character_set_client = @saved_cs_client */;

--
-- Dumping data for table `t_source`
--

LOCK TABLES `t_source` WRITE;
/*!40000 ALTER TABLE `t_source` DISABLE KEYS */;
/*!40000 ALTER TABLE `t_source` ENABLE KEYS */;
UNLOCK TABLES;

--
-- Table structure for table `t_user`
--

DROP TABLE IF EXISTS `t_user`;
/*!40101 SET @saved_cs_client     = @@character_set_client */;
/*!40101 SET character_set_client = utf8 */;
CREATE TABLE `t_user` (
  `user_id` int(11) NOT NULL AUTO_INCREMENT,
  `user_name` varchar(30) DEFAULT NULL,
  `credits` int(11) DEFAULT NULL,
  `password` varchar(32) DEFAULT NULL,
  `last_visit` datetime DEFAULT NULL,
  `last_ip` varchar(23) DEFAULT NULL,
  PRIMARY KEY (`user_id`)
) ENGINE=InnoDB AUTO_INCREMENT=2 DEFAULT CHARSET=utf8;
/*!40101 SET character_set_client = @saved_cs_client */;

--
-- Dumping data for table `t_user`
--

LOCK TABLES `t_user` WRITE;
/*!40000 ALTER TABLE `t_user` DISABLE KEYS */;
INSERT INTO `t_user` VALUES (1,'admin',5,'123456','2017-07-01 16:52:08','0:0:0:0:0:0:0:1');
/*!40000 ALTER TABLE `t_user` ENABLE KEYS */;
UNLOCK TABLES;

--
-- Table structure for table `t_users`
--

DROP TABLE IF EXISTS `t_users`;
/*!40101 SET @saved_cs_client     = @@character_set_client */;
/*!40101 SET character_set_client = utf8 */;
CREATE TABLE `t_users` (
  `user_id` varchar(36) NOT NULL COMMENT 'ç”¨æˆ·ID(ä¸»é”®)',
  `username` varchar(50) NOT NULL COMMENT 'ç”¨æˆ·å',
  `password` varchar(50) NOT NULL COMMENT 'ç”¨æˆ·å¯†ç ',
  `question` varchar(200) DEFAULT NULL COMMENT 'å¯†ä¿é—®é¢˜',
  `answer` varchar(200) DEFAULT NULL COMMENT 'å¯†ä¿ç­”æ¡ˆ',
  `user_img` varchar(100) DEFAULT NULL COMMENT 'ç”¨æˆ·å›¾ç‰‡',
  `regtime` datetime NOT NULL COMMENT 'æ³¨å†Œæ—¶é—´',
  PRIMARY KEY (`user_id`),
  UNIQUE KEY `t_users_username_uindex` (`username`)
) ENGINE=InnoDB DEFAULT CHARSET=utf8 COMMENT='ç”¨æˆ·è¡¨';
/*!40101 SET character_set_client = @saved_cs_client */;

--
-- Dumping data for table `t_users`
--

LOCK TABLES `t_users` WRITE;
/*!40000 ALTER TABLE `t_users` DISABLE KEYS */;
INSERT INTO `t_users` VALUES ('1','bilibili','admin','test','null','img','2017-05-07 13:16:02'),('2','github','github','test',NULL,'bilibili','2017-06-22 01:08:07'),('3','hello','hi','test',NULL,'bilibili','2017-06-22 01:08:07'),('4','hi','hi','test',NULL,'bilibili','2017-06-22 01:08:07');
/*!40000 ALTER TABLE `t_users` ENABLE KEYS */;
UNLOCK TABLES;

--
-- Table structure for table `t_users_info`
--

DROP TABLE IF EXISTS `t_users_info`;
/*!40101 SET @saved_cs_client     = @@character_set_client */;
/*!40101 SET character_set_client = utf8 */;
CREATE TABLE `t_users_info` (
  `user_id` varchar(36) NOT NULL COMMENT 'ç”¨æˆ·IDï¼ˆä¸»é”®+å¤–é”®ï¼‰',
  `name` varchar(20) DEFAULT NULL COMMENT 'ç”¨æˆ·å§“å',
  `sex` char(1) NOT NULL DEFAULT '0' COMMENT 'ç”¨æˆ·æ€§åˆ«(''0'',''1'')(''ç”·'',''å¥³'')',
  `birthday` varchar(20) DEFAULT NULL COMMENT 'ç”Ÿæ—¥',
  `email` varchar(20) DEFAULT NULL COMMENT 'é‚®ç®±',
  `tel_phone` varchar(20) DEFAULT NULL COMMENT 'ç”µè¯',
  PRIMARY KEY (`user_id`),
  CONSTRAINT `t_users_info_t_users_user_id_fk` FOREIGN KEY (`user_id`) REFERENCES `t_users` (`user_id`)
) ENGINE=InnoDB DEFAULT CHARSET=utf8 COMMENT='ç”¨æˆ·ä¿¡æ¯è¡¨';
/*!40101 SET character_set_client = @saved_cs_client */;

--
-- Dumping data for table `t_users_info`
--

LOCK TABLES `t_users_info` WRITE;
/*!40000 ALTER TABLE `t_users_info` DISABLE KEYS */;
/*!40000 ALTER TABLE `t_users_info` ENABLE KEYS */;
UNLOCK TABLES;

--
-- Table structure for table `users`
--

DROP TABLE IF EXISTS `users`;
/*!40101 SET @saved_cs_client     = @@character_set_client */;
/*!40101 SET character_set_client = utf8 */;
CREATE TABLE `users` (
  `username` varchar(256) CHARACTER SET latin1 DEFAULT NULL,
  `password` varchar(256) CHARACTER SET latin1 DEFAULT NULL,
  `enabled` tinyint(1) DEFAULT NULL,
  `role` varchar(255) CHARACTER SET latin1 DEFAULT NULL
) ENGINE=InnoDB DEFAULT CHARSET=utf8;
/*!40101 SET character_set_client = @saved_cs_client */;

--
-- Dumping data for table `users`
--

LOCK TABLES `users` WRITE;
/*!40000 ALTER TABLE `users` DISABLE KEYS */;
INSERT INTO `users` VALUES ('dongtian','dongtian',1,'ROLE_APP');
/*!40000 ALTER TABLE `users` ENABLE KEYS */;
UNLOCK TABLES;
/*!40103 SET TIME_ZONE=@OLD_TIME_ZONE */;

/*!40101 SET SQL_MODE=@OLD_SQL_MODE */;
/*!40014 SET FOREIGN_KEY_CHECKS=@OLD_FOREIGN_KEY_CHECKS */;
/*!40014 SET UNIQUE_CHECKS=@OLD_UNIQUE_CHECKS */;
/*!40101 SET CHARACTER_SET_CLIENT=@OLD_CHARACTER_SET_CLIENT */;
/*!40101 SET CHARACTER_SET_RESULTS=@OLD_CHARACTER_SET_RESULTS */;
/*!40101 SET COLLATION_CONNECTION=@OLD_COLLATION_CONNECTION */;
/*!40111 SET SQL_NOTES=@OLD_SQL_NOTES */;

-- Dump completed on 2017-09-03  0:24:15
